Customer_ID,Full_Name,Age,Gender,Address,City,Contact_Number,Email,Account_Type,Account_Balance,Date_Of_Account_Opening,TransactionID,Transaction_Date,Transaction_Type,Transaction_Amount,Account_Balance_After_Transaction,Branch_ID,LoanID,Loan_Amount,Loan_Type,Interest_Rate,Loan_Term,Approval/Rejection_Date,Loan_Status,CardID,Card_Type,Credit_Limit,Credit_Card_Balance,Minimum_Payment_Due,Payment_Due_Date,Last_Credit_Card_Payment_Date,Cibil_score,card_status,Account_status
1,Joshua Hall,45,Male,Address_1,Fort Worth,8217481184,bgmanu042@gmail.com,Current,1313.38,08-04-2020,1,10-10-2025,Withdrawal,457.61,855.77,43,1,32200.06,Mortgage,2.64,36,16-04-2024,Rejected,1,AMEX,1737.88,4524.32,226.22,15-08-2025,17-08-2025,701,ACTIVE,ACTIVE
2,Mark Taylor,47,Female,Address_2,Louisville,8495926589,poojaryshruthi024@gmail.com,Current,5988.46,16-11-2021,2,15-03-2024,Deposit,1660.99,7649.45,63,2,47743.52,Auto,2.48,36,03-08-2024,Approved,2,MasterCard,1799.36,856.7,42.84,09-05-2025,22-11-2025,656,ACTIVE,ACTIVE
3,Joseph Flores,25,Female,Address_3,Philadelphia,19458794856,joseph.flores@kag.com,Current,8277.88,10-09-2022,3,16-12-2024,Deposit,839.91,9117.79,82,3,47981.31,Auto,7.84,24,14-09-2024,Closed,3,AMEX,6112.96,3242.36,162.12,10-04-2025,23-09-2025,870,ACTIVE,ACTIVE
4,Kevin Lee,52,Other,Address_4,Oklahoma City,19458794857,kevin.lee@kag.com,Savings,7487.21,24-08-2021,4,20-10-2024,Withdrawal,4908.89,2578.32,41,4,4482.8,Personal,7.21,48,21-04-2024,Approved,4,MasterCard,2069.41,4329.17,216.46,17-04-2025,07-09-2025,749,ACTIVE,ACTIVE
5,Linda Johnson,68,Other,Address_5,Phoenix,19458794858,linda.johnson@kag.com,Savings,6993.55,13-05-2023,5,10-11-2024,Transfer,589.07,6404.48,9,5,1092.33,Mortgage,5.37,12,19-09-2024,Approved,5,Visa,2765.3,25.72,1.29,22-08-2025,31-10-2025,895,ACTIVE,ACTIVE
6,Charles Torres,52,Male,Address_6,El Paso,19458794859,charles.torres@kag.com,Savings,9295.64,04-03-2023,6,29-08-2025,Withdrawal,4914.67,4380.97,20,6,48039.24,Mortgage,1.45,24,14-06-2024,Closed,6,AMEX,8029.18,1331.7,66.59,16-06-2025,11-10-2025,820,ACTIVE,ACTIVE
7,Joshua Garcia,43,Male,Address_7,Dallas,19458794860,joshua.garcia@kag.com,Current,4005.72,09-06-2022,7,16-08-2024,Deposit,3534.9,7540.62,21,7,27230.51,Mortgage,5.25,24,31-08-2024,Approved,7,MasterCard,2996.82,1441.65,72.08,27-09-2025,30-10-2025,572,ACTIVE,ACTIVE
8,Christopher Baker,47,Male,Address_8,Memphis,19458794861,christopher.baker@kag.com,Savings,1458.45,29-06-2021,8,15-06-2025,Deposit,454.87,1913.32,25,8,35319.63,Mortgage,8.51,12,06-06-2024,Approved,8,AMEX,4470.78,3450.21,172.51,03-06-2025,26-10-2025,770,ACTIVE,ACTIVE
9,Daniel Moore,52,Male,Address_9,Indianapolis,19458794862,daniel.moore@kag.com,Current,1109.3,22-07-2024,9,04-10-2025,Withdrawal,768.56,340.74,66,9,45717.26,Mortgage,1.1,60,07-07-2024,Rejected,9,AMEX,4349.57,3227.18,161.36,19-04-2025,04-08-2025,822,ACTIVE,ACTIVE
10,William Robinson,55,Other,Address_10,Washington,19458794863,william.robinson@kag.com,Current,9554.62,31-03-2021,10,26-04-2025,Deposit,1641.59,11196.21,30,10,22224.58,Auto,1.92,24,03-09-2024,Closed,10,Visa,4961.44,2765.38,138.27,02-07-2025,13-08-2025,732,ACTIVE,ACTIVE
11,William Perez,28,Male,Address_11,San Diego,19458794864,william.perez@kag.com,Savings,5930.75,25-02-2023,11,10-05-2025,Withdrawal,1309.13,4621.62,72,11,22592.01,Personal,8.28,60,05-09-2024,Rejected,11,Visa,4782.39,4564.25,228.21,15-04-2025,11-09-2025,627,ACTIVE,ACTIVE
12,Nancy Allen,37,Female,Address_12,Oklahoma City,19458794865,nancy.allen@kag.com,Current,8126.85,28-11-2022,12,04-10-2024,Deposit,4865.91,12992.76,25,12,9182.1,Auto,5.73,48,24-11-2024,Approved,12,AMEX,5697.31,4935.07,246.75,27-07-2025,03-11-2025,758,ACTIVE,ACTIVE
13,Margaret Robinson,63,Female,Address_13,Columbus,19458794866,margaret.robinson@kag.com,Savings,5402.04,31-12-2023,13,23-05-2025,Deposit,3070.58,8472.62,94,13,45385.59,Auto,6.96,36,21-08-2024,Approved,13,Visa,5776.68,339.59,16.98,29-04-2025,01-12-2025,791,ACTIVE,ACTIVE
14,Michelle Taylor,48,Female,Address_14,Colorado Springs,19458794867,michelle.taylor@kag.com,Savings,4045.09,05-07-2021,14,08-05-2025,Transfer,381.21,3663.88,30,14,32735.99,Auto,7.71,48,02-12-2024,Approved,14,Visa,3018.46,4357.95,217.9,10-05-2025,01-11-2025,739,ACTIVE,ACTIVE
15,Nancy Nelson,51,Other,Address_15,Atlanta,19458794868,nancy.nelson@kag.com,Savings,2082.67,09-07-2024,15,15-08-2025,Withdrawal,631.77,1450.9,77,15,9833.19,Mortgage,3.7,36,01-11-2024,Closed,15,AMEX,2345.93,1066.61,53.33,24-04-2025,15-10-2025,786,ACTIVE,ACTIVE
16,Michael Young,29,Male,Address_16,Fresno,19458794869,michael.young@kag.com,Savings,8578.44,09-02-2022,16,20-10-2025,Transfer,4486.73,4091.71,31,16,28429.81,Mortgage,3.68,24,18-10-2024,Approved,16,Visa,2673.1,770.74,38.54,27-03-2025,04-09-2025,900,ACTIVE,ACTIVE
17,Lisa Adams,65,Female,Address_17,Austin,19458794870,lisa.adams@kag.com,Current,728.8,21-07-2023,17,24-06-2025,Transfer,286.75,442.05,96,17,17080.03,Auto,3.38,36,22-05-2024,Rejected,17,AMEX,2838.82,3905.1,195.26,10-09-2025,21-10-2025,651,ACTIVE,ACTIVE
18,Mary Wilson,45,Female,Address_18,Omaha,19458794871,mary.wilson@kag.com,Savings,9012.31,31-05-2024,18,29-04-2024,Deposit,3333.99,12346.3,36,18,8211.92,Auto,2.51,12,30-03-2024,Closed,18,MasterCard,8388.99,3165.21,158.26,11-04-2025,10-10-2025,841,ACTIVE,ACTIVE
19,Nancy Martinez,20,Other,Address_19,Tucson,19458794872,nancy.martinez@kag.com,Current,2129.63,20-09-2021,19,11-06-2025,Withdrawal,868.23,1261.4,41,19,9911.6,Personal,3.74,12,20-07-2024,Rejected,19,AMEX,9371.27,299.03,14.95,23-04-2025,13-10-2025,864,ACTIVE,ACTIVE
20,Amanda Campbell,65,Other,Address_20,Milwaukee,19458794873,amanda.campbell@kag.com,Savings,194.36,12-06-2024,20,16-03-2025,Deposit,933.29,1127.65,61,20,28403.6,Mortgage,9.58,48,09-05-2024,Closed,20,MasterCard,7650.68,1076.46,53.82,13-07-2025,05-09-2025,784,ACTIVE,ACTIVE
21,Ashley Scott,59,Other,Address_21,Fresno,19458794874,ashley.scott@kag.com,Savings,1128.58,02-06-2022,21,17-05-2024,Withdrawal,478.95,649.63,29,21,28654.88,Personal,1.77,12,30-11-2024,Closed,21,MasterCard,1374.25,3559.98,178,21-06-2025,19-10-2025,735,ACTIVE,ACTIVE
22,Donna King,69,Female,Address_22,San Antonio,19458794875,donna.king@kag.com,Current,8846.74,20-05-2023,22,24-04-2025,Transfer,2249.62,6597.12,34,22,39707.1,Personal,3.17,48,30-11-2024,Rejected,22,MasterCard,6394.78,53.5,2.68,26-04-2025,10-08-2025,730,ACTIVE,ACTIVE
23,Mary Rodriguez,22,Other,Address_23,El Paso,19458794876,mary.rodriguez@kag.com,Savings,829.7,15-10-2023,23,25-09-2024,Deposit,292.88,1122.58,19,23,13151.23,Mortgage,3.86,60,06-10-2024,Closed,23,Visa,8026.74,1424.94,71.25,17-08-2025,04-08-2025,633,ACTIVE,ACTIVE
24,Charles Adams,30,Female,Address_24,San Antonio,19458794877,charles.adams@kag.com,Savings,3616.88,03-11-2021,24,27-05-2024,Deposit,4395.73,8012.61,90,24,45875.84,Personal,2.38,60,13-08-2024,Rejected,24,AMEX,5693.7,2256.35,112.82,02-10-2025,01-12-2025,593,ACTIVE,ACTIVE
25,Steven Ramirez,29,Male,Address_25,Boston,19458794878,steven.ramirez@kag.com,Savings,2578.13,16-09-2023,25,12-10-2025,Transfer,286.12,2292.01,5,25,26412.03,Mortgage,1.7,48,27-05-2024,Rejected,25,AMEX,1720.05,4563.01,228.15,17-06-2025,08-12-2025,550,ACTIVE,ACTIVE
26,Barbara Hernandez,18,Female,Address_26,Chicago,19458794879,barbara.hernandez@kag.com,Current,464.86,09-12-2024,26,09-07-2024,Transfer,99.63,365.23,20,26,11004.46,Personal,2.46,48,19-08-2024,Approved,26,Visa,5608.25,4251.87,212.59,31-07-2025,20-10-2025,557,ACTIVE,ACTIVE
27,Lisa Wilson,69,Male,Address_27,Kansas City,19458794880,lisa.wilson@kag.com,Savings,5361.52,22-08-2022,27,20-09-2025,Withdrawal,1594.08,3767.44,78,27,21250.75,Personal,5.75,48,09-07-2024,Approved,27,AMEX,6736.21,1084.56,54.23,23-05-2025,05-12-2025,673,ACTIVE,ACTIVE
28,Amanda Hill,60,Female,Address_28,Oklahoma City,19458794881,amanda.hill@kag.com,Savings,9983.5,13-08-2021,28,17-05-2025,Deposit,2851.17,12834.67,29,28,46244.6,Mortgage,6.37,36,12-04-2024,Approved,28,AMEX,6126.15,1530.42,76.52,17-07-2025,02-09-2025,897,ACTIVE,ACTIVE
29,Matthew Campbell,36,Male,Address_29,Fresno,19458794882,matthew.campbell@kag.com,Savings,8544.77,17-06-2023,29,19-02-2025,Transfer,1877.13,6667.64,3,29,24429.67,Auto,2.94,12,21-07-2024,Rejected,29,AMEX,7494.66,2591.92,129.6,24-07-2025,21-08-2025,881,ACTIVE,ACTIVE
30,Ronald Jackson,46,Female,Address_30,Baltimore,19458794883,ronald.jackson@kag.com,Current,1772.04,31-10-2023,30,19-06-2024,Withdrawal,1174.58,597.46,84,30,43861.04,Auto,5.53,36,18-11-2024,Closed,30,Visa,3404.77,2181.1,109.06,07-05-2025,19-09-2025,801,ACTIVE,ACTIVE
31,Anthony Anderson,64,Female,Address_31,San Francisco,19458794884,anthony.anderson@kag.com,Current,8854.73,29-04-2021,31,05-02-2025,Withdrawal,2401.76,6452.97,25,31,8831.8,Auto,1.06,36,27-07-2024,Approved,31,AMEX,7278.03,3846.45,192.32,15-09-2025,06-10-2025,742,ACTIVE,ACTIVE
32,Carol Ramirez,67,Female,Address_32,Jacksonville,19458794885,carol.ramirez@kag.com,Current,4572.76,30-07-2021,32,31-07-2025,Transfer,933.38,3639.38,69,32,45783.96,Auto,6.42,36,18-05-2024,Closed,32,Visa,3997.31,4756.24,237.81,15-06-2025,16-11-2025,773,ACTIVE,ACTIVE
33,Betty White,65,Female,Address_33,Sacramento,19458794886,betty.white@kag.com,Current,2805.18,18-10-2024,33,26-11-2025,Deposit,1234.44,4039.62,55,33,22100.32,Mortgage,1.01,60,13-04-2024,Closed,33,MasterCard,7417.07,3107.77,155.39,27-07-2025,01-08-2025,571,ACTIVE,ACTIVE
34,Jessica Davis,56,Other,Address_34,Oklahoma City,19458794887,jessica.davis@kag.com,Savings,6439.03,06-04-2022,34,10-02-2025,Transfer,4135.4,2303.63,56,34,46870.22,Personal,6.78,60,21-04-2024,Rejected,34,Visa,5395.87,560.7,28.04,02-04-2025,10-09-2025,871,ACTIVE,ACTIVE
35,Joseph Nelson,59,Female,Address_35,Seattle,19458794888,joseph.nelson@kag.com,Current,2245.28,07-08-2022,35,04-04-2024,Transfer,1150.42,1094.86,29,35,43437.85,Mortgage,5.35,36,06-03-2024,Closed,35,AMEX,8046.16,2208.16,110.41,29-03-2025,07-11-2025,604,ACTIVE,ACTIVE
36,Timothy Rodriguez,42,Female,Address_36,Portland,19458794889,timothy.rodriguez@kag.com,Current,8808.55,25-12-2023,36,10-05-2025,Withdrawal,3479.88,5328.67,41,36,33338.35,Mortgage,1.98,24,01-12-2024,Rejected,36,Visa,5522.52,2735.81,136.79,29-04-2025,08-12-2025,877,ACTIVE,ACTIVE
37,Amanda Campbell,33,Other,Address_37,Mesa,19458794890,amanda.campbell@kag.com,Current,6279.42,14-04-2024,37,13-10-2024,Withdrawal,1259.84,5019.58,2,37,33969.47,Mortgage,1.8,36,02-10-2024,Rejected,37,MasterCard,3589.1,4775.86,238.79,03-10-2025,07-09-2025,741,ACTIVE,ACTIVE
38,Michael Allen,34,Other,Address_38,El Paso,19458794891,michael.allen@kag.com,Current,1446.62,12-02-2024,38,26-05-2025,Withdrawal,1069.87,376.75,6,38,11363.89,Personal,1.06,24,11-06-2024,Rejected,38,AMEX,9908.09,1725.59,86.28,17-09-2025,21-10-2025,839,ACTIVE,ACTIVE
39,Paul Allen,45,Other,Address_39,Albuquerque,19458794892,paul.allen@kag.com,Savings,5749.42,31-10-2021,39,09-10-2024,Transfer,1263.27,4486.15,59,39,30538.66,Auto,5.96,24,17-03-2024,Rejected,39,AMEX,3179.12,3347.7,167.38,05-04-2025,01-08-2025,618,ACTIVE,ACTIVE
40,John Jackson,56,Other,Address_40,Jacksonville,19458794893,john.jackson@kag.com,Savings,5152.67,11-08-2023,40,17-08-2024,Withdrawal,2346.81,2805.86,65,40,27925.28,Mortgage,8.26,12,10-04-2024,Rejected,40,MasterCard,4623.6,56.38,2.82,14-06-2025,19-10-2025,602,ACTIVE,ACTIVE
41,Charles Williams,60,Other,Address_41,Austin,19458794894,charles.williams@kag.com,Current,4767.41,23-06-2023,41,13-04-2024,Transfer,739.94,4027.47,31,41,17373.2,Mortgage,8.71,48,19-04-2024,Rejected,41,Visa,7976.79,2183.5,109.18,08-07-2025,17-08-2025,629,ACTIVE,ACTIVE
42,David Martinez,66,Other,Address_42,Kansas City,19458794895,david.martinez@kag.com,Current,3713.26,24-12-2022,42,23-07-2025,Transfer,542,3171.26,91,42,25775.45,Personal,6.12,36,28-10-2024,Closed,42,MasterCard,5660.53,202.41,10.12,31-05-2025,09-09-2025,684,ACTIVE,ACTIVE
43,Joshua Flores,22,Other,Address_43,Philadelphia,19458794896,joshua.flores@kag.com,Current,4794.63,24-08-2022,43,04-11-2025,Withdrawal,3786.14,1008.49,46,43,46528.03,Personal,8.98,36,07-10-2024,Approved,43,AMEX,7147.73,1185.11,59.26,15-08-2025,03-10-2025,725,ACTIVE,ACTIVE
44,Karen Campbell,18,Other,Address_44,Fresno,19458794897,karen.campbell@kag.com,Current,5901.51,28-07-2021,44,04-05-2024,Transfer,126.28,5775.23,60,44,1259.98,Mortgage,8.76,36,18-09-2024,Approved,44,MasterCard,5391.71,2346.46,117.32,15-04-2025,07-08-2025,751,ACTIVE,ACTIVE
45,Patricia Adams,20,Other,Address_45,Mesa,19458794898,patricia.adams@kag.com,Savings,7362.34,13-06-2022,45,16-03-2024,Withdrawal,1933.57,5428.77,46,45,21439.08,Personal,7.28,48,25-10-2024,Approved,45,AMEX,6494.58,2906.73,145.34,12-10-2025,21-10-2025,764,ACTIVE,ACTIVE
46,Matthew Smith,65,Other,Address_46,Atlanta,19458794899,matthew.smith@kag.com,Savings,9186.97,08-02-2022,46,27-09-2024,Transfer,1986.21,7200.76,19,46,17348.3,Mortgage,4.27,24,28-06-2024,Closed,46,AMEX,5610.23,4383.34,219.17,02-08-2025,13-11-2025,829,ACTIVE,ACTIVE
47,Susan Lewis,41,Other,Address_47,San Francisco,19458794900,susan.lewis@kag.com,Current,539.4,23-07-2023,47,26-08-2024,Transfer,466.28,73.12,1,47,48100.32,Mortgage,8.44,36,06-03-2024,Closed,47,MasterCard,9925.21,924.02,46.2,05-06-2025,28-09-2025,675,ACTIVE,ACTIVE
48,Stephanie Roberts,46,Male,Address_48,Omaha,19458794901,stephanie.roberts@kag.com,Current,5736.51,25-01-2023,48,16-04-2025,Withdrawal,3874.71,1861.8,95,48,48720.82,Mortgage,4.53,36,21-09-2024,Rejected,48,MasterCard,2867.41,1543.14,77.16,05-04-2025,23-10-2025,695,ACTIVE,ACTIVE
49,David King,32,Female,Address_49,Omaha,19458794902,david.king@kag.com,Current,7544.54,02-06-2024,49,31-07-2024,Transfer,2558.28,4986.26,18,49,29697.37,Personal,4.63,48,24-03-2024,Approved,49,MasterCard,9023.88,2786.09,139.3,23-06-2025,04-10-2025,776,ACTIVE,ACTIVE
50,Sandra Gonzalez,21,Female,Address_50,Fort Worth,19458794903,sandra.gonzalez@kag.com,Current,1243.99,12-09-2022,50,19-07-2025,Transfer,244.27,999.72,7,50,27950.34,Auto,7.1,60,26-03-2024,Closed,50,Visa,5180.67,1063.32,53.17,03-07-2025,23-11-2025,558,ACTIVE,ACTIVE
51,Mary Smith,61,Other,Address_51,Nashville,19458794904,mary.smith@kag.com,Current,9123.83,14-12-2021,51,08-05-2024,Withdrawal,2832.35,6291.48,32,51,45257.41,Mortgage,9.35,48,06-07-2024,Rejected,51,AMEX,1226.63,4537.6,226.88,20-04-2025,17-09-2025,588,ACTIVE,ACTIVE
52,Sarah King,18,Other,Address_52,Omaha,19458794905,sarah.king@kag.com,Current,2525.4,24-04-2021,52,27-07-2025,Deposit,1795.56,4320.96,99,52,1320.58,Mortgage,5.5,48,11-11-2024,Approved,52,AMEX,9801.79,4369.68,218.48,19-08-2025,12-11-2025,862,ACTIVE,ACTIVE
53,Betty Lewis,66,Male,Address_53,Denver,19458794906,betty.lewis@kag.com,Current,8349.99,13-03-2024,53,19-11-2025,Withdrawal,3506.88,4843.11,96,53,28551.75,Mortgage,2.59,60,21-06-2024,Rejected,53,AMEX,8825.31,4434.35,221.72,24-03-2025,10-08-2025,874,ACTIVE,ACTIVE
54,Timothy Mitchell,32,Other,Address_54,Chicago,19458794907,timothy.mitchell@kag.com,Savings,6653.87,17-01-2023,54,12-08-2024,Deposit,3433.5,10087.37,59,54,2206.99,Mortgage,2.28,12,23-08-2024,Approved,54,MasterCard,1662.19,3601.42,180.07,04-04-2025,19-09-2025,819,ACTIVE,ACTIVE
55,John Campbell,41,Male,Address_55,Seattle,19458794908,john.campbell@kag.com,Savings,5639.51,09-10-2023,55,23-07-2024,Transfer,2877.53,2761.98,65,55,48439.95,Mortgage,3.72,48,13-05-2024,Approved,55,AMEX,4451.64,4981.24,249.06,24-03-2025,10-10-2025,834,ACTIVE,ACTIVE
56,Amanda Gonzalez,69,Female,Address_56,Denver,19458794909,amanda.gonzalez@kag.com,Savings,8705.5,09-07-2021,56,25-05-2025,Deposit,297.89,9003.39,97,56,16687.82,Auto,5.12,48,07-04-2024,Approved,56,MasterCard,8771.57,4130.99,206.55,20-03-2025,19-10-2025,584,ACTIVE,ACTIVE
57,Linda Mitchell,48,Female,Address_57,Philadelphia,19458794910,linda.mitchell@kag.com,Current,9695.42,18-07-2022,57,11-03-2024,Withdrawal,642.92,9052.5,12,57,26519.26,Mortgage,3.68,36,11-04-2024,Closed,57,MasterCard,5559.78,2479.94,124,29-09-2025,07-11-2025,775,ACTIVE,ACTIVE
58,Timothy Carter,37,Other,Address_58,Indianapolis,19458794911,timothy.carter@kag.com,Savings,9971.6,30-12-2023,58,05-10-2025,Transfer,205.99,9765.61,45,58,21460.86,Personal,7.41,24,15-11-2024,Rejected,58,Visa,9315.29,3693.78,184.69,04-08-2025,19-10-2025,714,ACTIVE,ACTIVE
59,Andrew Lewis,27,Male,Address_59,San Diego,19458794912,andrew.lewis@kag.com,Current,6864.48,24-05-2024,59,20-10-2025,Deposit,3595.39,10459.87,24,59,44787.58,Auto,5.88,24,04-05-2024,Rejected,59,AMEX,6365.93,479.28,23.96,16-03-2025,17-09-2025,872,ACTIVE,ACTIVE
60,Susan Hill,28,Male,Address_60,Seattle,19458794913,susan.hill@kag.com,Current,3457.4,07-11-2022,60,06-03-2025,Withdrawal,2393.22,1064.18,54,60,49991.08,Mortgage,4.66,48,08-10-2024,Closed,60,Visa,8287.3,4590.25,229.51,10-04-2025,03-09-2025,602,ACTIVE,ACTIVE
61,Thomas White,35,Female,Address_61,Colorado Springs,19458794914,thomas.white@kag.com,Current,8759.52,16-05-2023,61,26-06-2025,Deposit,4775.36,13534.88,4,61,4351.01,Auto,2.92,24,12-03-2024,Approved,61,MasterCard,5051.49,4920.85,246.04,28-03-2025,01-12-2025,760,ACTIVE,ACTIVE
62,Margaret Sanchez,51,Female,Address_62,Fort Worth,19458794915,margaret.sanchez@kag.com,Savings,6578.05,09-10-2021,62,02-05-2024,Withdrawal,4762.12,1815.93,79,62,36869.53,Mortgage,6.45,36,29-03-2024,Approved,62,AMEX,1834.47,4285.04,214.25,07-06-2025,11-08-2025,808,ACTIVE,ACTIVE
63,Stephanie Taylor,45,Male,Address_63,Jacksonville,19458794916,stephanie.taylor@kag.com,Savings,3300.96,03-08-2021,63,16-05-2024,Transfer,3992.87,-691.91,96,63,19031.93,Auto,7.07,48,22-06-2024,Approved,63,AMEX,3042.97,177.97,8.9,19-08-2025,20-09-2025,615,ACTIVE,ACTIVE
64,Michelle Miller,55,Male,Address_64,San Antonio,19458794917,michelle.miller@kag.com,Current,9330.41,28-04-2024,64,21-03-2025,Withdrawal,2220.81,7109.6,24,64,7814.57,Mortgage,8.06,48,01-10-2024,Rejected,64,AMEX,2220.55,826.04,41.3,22-03-2025,01-09-2025,569,ACTIVE,ACTIVE
65,Patricia Gonzalez,33,Female,Address_65,New York,19458794918,patricia.gonzalez@kag.com,Savings,7501.74,22-09-2023,65,25-02-2025,Deposit,1588.59,9090.33,23,65,20866.44,Personal,9.92,48,24-10-2024,Rejected,65,AMEX,8216.62,527.51,26.38,24-09-2025,24-11-2025,886,ACTIVE,ACTIVE
66,Mary Jones,41,Male,Address_66,Mesa,19458794919,mary.jones@kag.com,Savings,4583,14-11-2022,66,10-03-2025,Transfer,1012.86,3570.14,89,66,49909.18,Mortgage,3.08,36,25-10-2024,Rejected,66,MasterCard,9313.17,2128.26,106.41,14-06-2025,23-09-2025,727,ACTIVE,ACTIVE
67,Jennifer Sanchez,56,Female,Address_67,Nashville,19458794920,jennifer.sanchez@kag.com,Savings,4599.46,07-03-2023,67,05-06-2025,Transfer,1170.15,3429.31,49,67,18520.8,Auto,1.14,24,26-04-2024,Approved,67,AMEX,3075.82,190.61,9.53,30-05-2025,13-10-2025,746,ACTIVE,ACTIVE
68,Carol Carter,68,Male,Address_68,Atlanta,19458794921,carol.carter@kag.com,Savings,9959.69,24-04-2021,68,12-03-2024,Withdrawal,4951.69,5008,90,68,14592.57,Personal,5.5,48,14-07-2024,Approved,68,AMEX,3895.3,4716.75,235.84,07-05-2025,28-11-2025,812,ACTIVE,ACTIVE
69,Patricia Williams,29,Other,Address_69,Las Vegas,19458794922,patricia.williams@kag.com,Current,3799.72,28-06-2022,69,02-04-2025,Transfer,2656.44,1143.28,21,69,42462.4,Auto,9.32,60,03-06-2024,Approved,69,AMEX,7657.6,2925.25,146.26,17-04-2025,31-08-2025,629,ACTIVE,ACTIVE
70,Mark Miller,67,Female,Address_70,Boston,19458794923,mark.miller@kag.com,Current,1031.4,11-05-2023,70,28-06-2025,Deposit,71.14,1102.54,70,70,43528.96,Auto,3.24,48,06-12-2024,Rejected,70,Visa,4900.65,2837.64,141.88,16-04-2025,14-08-2025,550,ACTIVE,ACTIVE
71,Karen Carter,59,Male,Address_71,San Antonio,19458794924,karen.carter@kag.com,Savings,5431.76,25-11-2023,71,28-10-2024,Transfer,231.02,5200.74,22,71,17604.59,Mortgage,7.8,24,09-05-2024,Approved,71,AMEX,8291.94,2230.04,111.5,10-10-2025,06-11-2025,609,ACTIVE,ACTIVE
72,Sandra Hill,24,Female,Address_72,San Francisco,19458794925,sandra.hill@kag.com,Savings,8860.06,25-04-2023,72,13-08-2025,Withdrawal,2299.24,6560.82,75,72,15634.98,Personal,3.88,12,03-09-2024,Approved,72,Visa,3866.07,1689.29,84.46,12-05-2025,06-10-2025,728,ACTIVE,ACTIVE
73,Amanda Smith,53,Male,Address_73,Memphis,19458794926,amanda.smith@kag.com,Savings,5886.75,15-05-2021,73,22-04-2025,Withdrawal,2222.97,3663.78,37,73,32716.79,Mortgage,4.52,12,05-04-2024,Closed,73,Visa,5748.09,2421.45,121.07,06-04-2025,17-08-2025,554,ACTIVE,ACTIVE
74,Kimberly Carter,34,Other,Address_74,Baltimore,19458794927,kimberly.carter@kag.com,Current,7951.57,19-07-2024,74,16-12-2024,Transfer,2033.74,5917.83,30,74,11053.75,Auto,9.53,12,07-04-2024,Rejected,74,AMEX,8505.91,2587.65,129.38,07-05-2025,06-08-2025,879,ACTIVE,ACTIVE
75,Elizabeth Taylor,66,Other,Address_75,San Antonio,19458794928,elizabeth.taylor@kag.com,Savings,643.16,08-08-2021,75,01-08-2025,Deposit,4119.78,4762.94,31,75,24700.58,Personal,5.15,60,23-05-2024,Rejected,75,MasterCard,4149.29,3478.89,173.94,11-09-2025,13-08-2025,558,ACTIVE,ACTIVE
76,Margaret Nelson,21,Other,Address_76,Tucson,19458794929,margaret.nelson@kag.com,Current,6766.61,11-01-2022,76,23-11-2024,Transfer,3518.75,3247.86,33,76,7925.84,Mortgage,7.53,12,07-05-2024,Rejected,76,MasterCard,6771.04,826.25,41.31,27-07-2025,20-10-2025,776,ACTIVE,ACTIVE
77,Susan Harris,54,Female,Address_77,San Antonio,19458794930,susan.harris@kag.com,Savings,884.02,04-12-2022,77,08-10-2024,Transfer,546.01,338.01,76,77,15932.98,Auto,5.95,36,08-05-2024,Rejected,77,AMEX,6816.02,2876.14,143.81,11-09-2025,10-09-2025,680,ACTIVE,ACTIVE
78,Donald Williams,50,Other,Address_78,Las Vegas,19458794931,donald.williams@kag.com,Savings,5607.93,21-11-2021,78,27-03-2024,Withdrawal,1819.77,3788.16,27,78,15576.59,Personal,7.88,36,05-10-2024,Closed,78,MasterCard,4167.36,2895.65,144.78,24-04-2025,21-09-2025,735,ACTIVE,ACTIVE
79,Deborah Anderson,36,Female,Address_79,Austin,19458794932,deborah.anderson@kag.com,Current,5027.9,05-12-2023,79,12-11-2025,Transfer,2987.43,2040.47,78,79,35050.1,Mortgage,3.86,12,21-05-2024,Closed,79,AMEX,7692.29,1834.95,91.75,06-09-2025,27-09-2025,552,ACTIVE,ACTIVE
80,Joseph Lewis,43,Other,Address_80,Dallas,19458794933,joseph.lewis@kag.com,Current,9461.48,04-10-2021,80,02-02-2025,Deposit,1918.62,11380.1,58,80,14831.38,Personal,8.89,12,03-05-2024,Closed,80,AMEX,5756.9,4821.45,241.07,30-07-2025,09-08-2025,590,ACTIVE,ACTIVE
81,Linda Nelson,28,Female,Address_81,Fort Worth,19458794934,linda.nelson@kag.com,Current,1411.4,13-11-2023,81,07-06-2025,Deposit,1049.44,2460.84,1,81,45026.29,Personal,5.94,24,04-07-2024,Closed,81,AMEX,6346.33,3725.51,186.28,06-09-2025,19-10-2025,593,ACTIVE,ACTIVE
82,Susan Young,48,Other,Address_82,Sacramento,19458794935,susan.young@kag.com,Current,193.96,29-07-2023,82,02-03-2025,Deposit,3143.98,3337.94,64,82,49169.26,Mortgage,3.78,36,22-10-2024,Approved,82,MasterCard,4514.98,3553.84,177.69,12-03-2025,22-11-2025,872,ACTIVE,ACTIVE
83,Daniel Sanchez,18,Male,Address_83,Houston,19458794936,daniel.sanchez@kag.com,Savings,1459.81,23-11-2021,83,14-05-2024,Deposit,3015.22,4475.03,72,83,4972.02,Auto,1.34,24,17-06-2024,Approved,83,MasterCard,1809.62,4365.64,218.28,08-09-2025,03-10-2025,684,ACTIVE,ACTIVE
84,Michelle Thomas,57,Male,Address_84,Mesa,19458794937,michelle.thomas@kag.com,Current,1789.99,10-11-2023,84,04-09-2024,Deposit,4873.3,6663.29,72,84,20484.73,Mortgage,1.12,24,27-08-2024,Closed,84,AMEX,7285.15,1694.55,84.73,26-03-2025,16-10-2025,780,ACTIVE,ACTIVE
85,Charles Harris,53,Female,Address_85,Louisville,19458794938,charles.harris@kag.com,Current,2584.02,22-10-2021,85,08-07-2024,Transfer,280.74,2303.28,93,85,15790.21,Mortgage,4.18,12,28-07-2024,Approved,85,AMEX,4087.24,1063.35,53.17,06-05-2025,20-09-2025,635,ACTIVE,ACTIVE
86,Jessica Ramirez,46,Other,Address_86,San Jose,19458794939,jessica.ramirez@kag.com,Current,8169.38,17-11-2022,86,02-09-2024,Deposit,4372.74,12542.12,26,86,18247.52,Personal,2.94,24,30-03-2024,Rejected,86,MasterCard,6476.25,2191.43,109.57,08-08-2025,10-11-2025,651,ACTIVE,ACTIVE
87,Brian Rodriguez,42,Other,Address_87,El Paso,19458794940,brian.rodriguez@kag.com,Savings,3831.12,10-08-2021,87,02-08-2025,Deposit,4746.49,8577.61,90,87,14002.39,Mortgage,1.47,12,10-07-2024,Approved,87,AMEX,9170.78,2987.74,149.39,20-05-2025,27-08-2025,768,ACTIVE,ACTIVE
88,Karen Smith,64,Male,Address_88,Denver,19458794941,karen.smith@kag.com,Current,8423.5,08-03-2023,88,19-03-2025,Transfer,2179.57,6243.93,49,88,19750.58,Personal,5.98,12,11-11-2024,Approved,88,Visa,8514.73,2788,139.4,19-03-2025,01-11-2025,698,ACTIVE,ACTIVE
89,Timothy Lewis,66,Other,Address_89,Atlanta,19458794942,timothy.lewis@kag.com,Savings,2792.15,21-10-2021,89,12-10-2025,Transfer,273.94,2518.21,84,89,7929.32,Auto,9.9,48,01-04-2024,Approved,89,Visa,6663.31,1102.03,55.1,20-06-2025,08-08-2025,667,ACTIVE,ACTIVE
90,Nancy Perez,35,Other,Address_90,Colorado Springs,19458794943,nancy.perez@kag.com,Savings,8619.36,23-11-2024,90,23-09-2025,Deposit,726.04,9345.4,44,90,14711.1,Personal,4.8,36,12-12-2024,Approved,90,MasterCard,3047.11,1343.47,67.17,06-04-2025,02-12-2025,727,ACTIVE,ACTIVE
91,Sandra Thomas,20,Female,Address_91,Las Vegas,19458794944,sandra.thomas@kag.com,Current,180.1,31-03-2023,91,07-06-2025,Deposit,2524.81,2704.91,43,91,37643.08,Mortgage,5.97,60,08-03-2024,Closed,91,Visa,5646.98,4628.69,231.43,14-05-2025,29-09-2025,879,ACTIVE,ACTIVE
92,Matthew Green,35,Male,Address_92,Indianapolis,19458794945,matthew.green@kag.com,Savings,9351.9,24-11-2021,92,13-11-2025,Withdrawal,4465.86,4886.04,49,92,17858.28,Mortgage,2.98,36,08-08-2024,Approved,92,MasterCard,4373.69,405.51,20.28,29-09-2025,21-11-2025,723,ACTIVE,ACTIVE
93,Brian Baker,24,Other,Address_93,Tucson,19458794946,brian.baker@kag.com,Current,7485.89,25-01-2024,93,04-09-2024,Deposit,3274.12,10760.01,52,93,11183.91,Mortgage,2.84,60,24-09-2024,Approved,93,Visa,6319.51,2520.25,126.01,19-09-2025,04-10-2025,852,ACTIVE,ACTIVE
94,Kenneth Green,45,Other,Address_94,Fort Worth,19458794947,kenneth.green@kag.com,Savings,4186.03,15-04-2021,94,26-01-2025,Deposit,1015.39,5201.42,71,94,6313.76,Auto,3.96,48,08-08-2024,Rejected,94,MasterCard,7582.01,2373.34,118.67,27-05-2025,25-11-2025,644,ACTIVE,ACTIVE
95,Mark Miller,34,Female,Address_95,Fresno,19458794948,mark.miller@kag.com,Savings,5815.62,11-02-2024,95,25-11-2025,Withdrawal,3508.21,2307.41,32,95,18052.2,Mortgage,8.52,48,07-05-2024,Closed,95,Visa,7536.36,1916.85,95.84,07-10-2025,14-10-2025,843,ACTIVE,ACTIVE
96,Joseph Wilson,42,Female,Address_96,San Antonio,19458794949,joseph.wilson@kag.com,Current,9336.87,30-09-2024,96,24-05-2025,Transfer,4472.15,4864.72,55,96,32527.05,Mortgage,9.65,36,15-08-2024,Rejected,96,MasterCard,1512.66,3918.05,195.9,16-03-2025,04-12-2025,787,ACTIVE,ACTIVE
97,Brian Lewis,35,Female,Address_97,Austin,19458794950,brian.lewis@kag.com,Current,5867.35,22-05-2021,97,12-06-2025,Transfer,160.83,5706.52,18,97,13411.94,Personal,7.66,48,25-10-2024,Approved,97,Visa,4355.01,4612.91,230.65,20-07-2025,13-11-2025,632,ACTIVE,ACTIVE
98,James Jackson,69,Female,Address_98,Milwaukee,19458794951,james.jackson@kag.com,Savings,2362.83,22-03-2022,98,05-06-2025,Transfer,1221.63,1141.2,86,98,21699.84,Mortgage,1.19,48,09-04-2024,Approved,98,AMEX,4510.45,4986.37,249.32,24-08-2025,13-11-2025,786,ACTIVE,ACTIVE
99,Matthew Jackson,57,Other,Address_99,Memphis,19458794952,matthew.jackson@kag.com,Current,5771.45,12-07-2024,99,08-04-2024,Deposit,774.37,6545.82,59,99,47667.53,Personal,4.95,12,06-03-2024,Rejected,99,MasterCard,2685.39,613.7,30.68,28-07-2025,28-09-2025,860,ACTIVE,ACTIVE
